{
  "captured_at": "2026-01-19T01:53:50.449Z",
  "source": "camera_burst",
  "label": "第1次/共2次",
  "device": {
    "user_agent": "Mozilla/5.0 (Windows NT 10.0; Win64; x64) AppleWebKit/537.36 (KHTML, like Gecko) Trae/1.104.3 Chrome/138.0.7204.251 Electron/37.6.1 Safari/537.36",
    "secure": true,
    "hostname": "localhost",
    "screen": {
      "w": 1920,
      "h": 1080
    }
  },
  "mime": "image/png",
  "size": 398828,
  "sha256": "724c766c008eb0c8a668c70af1d273fbb7f62b042063617a02d41a76f6db119c",
  "path": "uploads\\camera\\camera_burst\\2026-01-19\\0215fbfd3aa64695af2978d3c312e02b_photo_20260119_095350_565_5.jpg",
  "doc_corrected": false,
  "doc_info": {
    "corrected": false
  }
}