{
  "captured_at": "2026-01-18T13:43:20.415Z",
  "source": "camera_timed",
  "label": "第1次/共5次",
  "device": {
    "user_agent": "Mozilla/5.0 (Windows NT 10.0; Win64; x64) AppleWebKit/537.36 (KHTML, like Gecko) Chrome/143.0.0.0 Safari/537.36",
    "secure": true,
    "hostname": "localhost",
    "screen": {
      "w": 1920,
      "h": 1080
    }
  },
  "mime": "image/png",
  "size": 7126,
  "sha256": "e09ecda017737284a8b5a8012123e1f7c5a69fd8c13d033725a1d5e57c39a7bb",
  "path": "uploads\\camera\\camera_timed\\2026-01-18\\05e2cba4cf064a05b13ed6815d6042f3_photo_20260118_223138_262_72.jpg"
}