{
  "captured_at": "2026-01-18T15:40:30.882Z",
  "source": "camera_manual",
  "label": "拍照",
  "device": {
    "user_agent": "Mozilla/5.0 (Windows NT 10.0; Win64; x64) AppleWebKit/537.36 (KHTML, like Gecko) Chrome/143.0.0.0 Safari/537.36",
    "secure": true,
    "hostname": "localhost",
    "screen": {
      "w": 1920,
      "h": 1080
    }
  },
  "mime": "image/png",
  "size": 7028,
  "sha256": "7860f3b2d1e61d56158422b8ed926564dd81999e5cc174cc417ec57389cb0b04",
  "path": "uploads\\camera\\camera_manual\\2026-01-18\\0612bf2e7b5e49ec8e641101561e4475_photo_20260118_234030_954_1.jpg"
}