{
  "captured_at": "2026-01-18T15:47:09.905Z",
  "source": "camera_manual",
  "label": "拍照",
  "device": {
    "user_agent": "Mozilla/5.0 (Windows NT 10.0; Win64; x64) AppleWebKit/537.36 (KHTML, like Gecko) Trae/1.104.3 Chrome/138.0.7204.251 Electron/37.6.1 Safari/537.36",
    "secure": true,
    "hostname": "localhost",
    "screen": {
      "w": 1920,
      "h": 1080
    }
  },
  "mime": "image/png",
  "size": 7517,
  "sha256": "6c4a31f353e7b504de61cd3692c1db38b765ae7d0498a1ae63fd8e498fcf81ec",
  "path": "uploads\\camera\\camera_manual\\2026-01-18\\14a9ed26e29447f0960f8c27a9ce5a5c_photo_20260118_234709_981_1.jpg"
}