{
  "captured_at": "2026-01-18T15:43:52.625Z",
  "source": "camera_manual",
  "label": "拍照",
  "device": {
    "user_agent": "Mozilla/5.0 (Windows NT 10.0; Win64; x64) AppleWebKit/537.36 (KHTML, like Gecko) Chrome/143.0.0.0 Safari/537.36",
    "secure": true,
    "hostname": "localhost",
    "screen": {
      "w": 1920,
      "h": 1080
    }
  },
  "mime": "image/png",
  "size": 7646,
  "sha256": "93b83c778339165accac5384078e03b344bfa0bec22422b7b567d751fb92d9a5",
  "path": "uploads\\camera\\camera_manual\\2026-01-18\\228793ec9b5d4be69460792628173d14_photo_20260118_234352_697_1.jpg"
}