{
  "captured_at": "2026-01-18T15:57:59.027Z",
  "source": "camera_manual",
  "label": "拍照",
  "device": {
    "user_agent": "Mozilla/5.0 (Windows NT 10.0; Win64; x64) AppleWebKit/537.36 (KHTML, like Gecko) Chrome/143.0.0.0 Safari/537.36",
    "secure": true,
    "hostname": "localhost",
    "screen": {
      "w": 1920,
      "h": 1080
    }
  },
  "mime": "image/png",
  "size": 7108,
  "sha256": "cf0d05eebddc236c909859b34a5cd244ee64c3764f93536754c8d442dd96b87f",
  "path": "uploads\\camera\\camera_manual\\2026-01-18\\2bb412534c15467a83a7ac09b65c345c_photo_20260118_235759_101_1.jpg"
}