{
  "captured_at": "2026-01-18T16:03:08.565Z",
  "source": "camera_manual",
  "label": "拍照",
  "device": {
    "user_agent": "Mozilla/5.0 (Windows NT 10.0; Win64; x64) AppleWebKit/537.36 (KHTML, like Gecko) Chrome/143.0.0.0 Safari/537.36",
    "secure": true,
    "hostname": "localhost",
    "screen": {
      "w": 1920,
      "h": 1080
    }
  },
  "mime": "image/png",
  "size": 7654,
  "sha256": "f9d5b0a62cae35b65d94727127d86e8950b436cc8bd167abe6fb3a3fe98fea9a",
  "path": "uploads\\camera\\camera_manual\\2026-01-19\\3b7b9a02f0b64ed8b6172f40da49246b_photo_20260119_000308_636_1.jpg"
}