{
  "captured_at": "2026-01-19T01:39:33.961Z",
  "source": "camera_manual",
  "label": "拍照",
  "device": {
    "user_agent": "Mozilla/5.0 (Windows NT 10.0; Win64; x64) AppleWebKit/537.36 (KHTML, like Gecko) Trae/1.104.3 Chrome/138.0.7204.251 Electron/37.6.1 Safari/537.36",
    "secure": true,
    "hostname": "localhost",
    "screen": {
      "w": 1920,
      "h": 1080
    }
  },
  "mime": "image/png",
  "size": 410132,
  "sha256": "847a40a914f02451f79af7ae6f763f720acb2def10e5bbf82c6640f2e6b9a344",
  "path": "uploads\\camera\\camera_manual\\2026-01-19\\3f606bb3a12743e18173e4fc6d7f32ba_photo_20260119_093934_073_1.jpg",
  "doc_corrected": false,
  "doc_info": {
    "corrected": false
  }
}