{
  "captured_at": "2026-01-19T01:53:16.481Z",
  "source": "camera_manual_override",
  "label": "立即拍摄",
  "device": {
    "user_agent": "Mozilla/5.0 (Windows NT 10.0; Win64; x64) AppleWebKit/537.36 (KHTML, like Gecko) Trae/1.104.3 Chrome/138.0.7204.251 Electron/37.6.1 Safari/537.36",
    "secure": true,
    "hostname": "localhost",
    "screen": {
      "w": 1920,
      "h": 1080
    }
  },
  "mime": "image/png",
  "size": 400667,
  "sha256": "09e78f349b83a92ecab4efc9ddffd4ca679a8fb8edc77b90fc80e62ceeff1722",
  "path": "uploads\\camera\\camera_manual_override\\2026-01-19\\4525ed605b0948619e06c357d5cc9e4e_photo_20260119_095316_598_4.jpg",
  "doc_corrected": false,
  "doc_info": {
    "corrected": false
  }
}