{
  "captured_at": "2026-01-18T14:38:52.514Z",
  "source": "camera_manual",
  "label": "拍照",
  "device": {
    "user_agent": "Mozilla/5.0 (Windows NT 10.0; Win64; x64) AppleWebKit/537.36 (KHTML, like Gecko) Trae/1.104.3 Chrome/138.0.7204.251 Electron/37.6.1 Safari/537.36",
    "secure": true,
    "hostname": "localhost",
    "screen": {
      "w": 1920,
      "h": 1080
    }
  },
  "mime": "image/png",
  "size": 7682,
  "sha256": "f122b6b495dcfd1f4c358112ad47d15240b59a88efb3bfe1a3f0c682855ce84b",
  "path": "uploads\\camera\\camera_manual\\2026-01-18\\4dc103609e254ee099a1ea8d1afb9210_photo_20260118_224425_301_36.jpg"
}