{
  "captured_at": "2026-01-19T01:04:25.061Z",
  "source": "camera_manual",
  "label": "拍照",
  "device": {
    "user_agent": "Mozilla/5.0 (Windows NT 10.0; Win64; x64) AppleWebKit/537.36 (KHTML, like Gecko) Chrome/143.0.0.0 Safari/537.36",
    "secure": true,
    "hostname": "localhost",
    "screen": {
      "w": 1920,
      "h": 1080
    }
  },
  "mime": "image/png",
  "size": 408078,
  "sha256": "1f7a2f02b0a9df3be829b6d9fa3fdf0b612f9b36d26f1d9e5ad95c24e15c2ca8",
  "path": "uploads\\camera\\camera_manual\\2026-01-19\\7bc3b66611934a56b4add9014510887c_photo_20260119_090425_156_1.jpg"
}