{
  "captured_at": "2026-01-19T09:49:27.422Z",
  "source": "camera_manual",
  "label": "拍照",
  "device": {
    "user_agent": "Mozilla/5.0 (Windows NT 10.0; Win64; x64) AppleWebKit/537.36 (KHTML, like Gecko) Chrome/143.0.0.0 Safari/537.36",
    "secure": true,
    "hostname": "localhost",
    "screen": {
      "w": 1920,
      "h": 1080
    }
  },
  "mime": "image/png",
  "size": 466248,
  "sha256": "507e20f79bbdeea04df1edaf478ad009814ff2ec504cdb72dee2e0fccaa04ac2",
  "path": "uploads\\camera\\camera_manual\\2026-01-19\\7d25e98132e34b408f1fd52e4b9dd545_photo_20260119_174927_527_1.jpg",
  "doc_corrected": false,
  "doc_info": {
    "corrected": false
  }
}