{
  "captured_at": "2026-01-19T01:52:47.084Z",
  "source": "camera_manual",
  "label": "拍照",
  "device": {
    "user_agent": "Mozilla/5.0 (Windows NT 10.0; Win64; x64) AppleWebKit/537.36 (KHTML, like Gecko) Trae/1.104.3 Chrome/138.0.7204.251 Electron/37.6.1 Safari/537.36",
    "secure": true,
    "hostname": "localhost",
    "screen": {
      "w": 1920,
      "h": 1080
    }
  },
  "mime": "image/png",
  "size": 405073,
  "sha256": "3ea3a42a08cfe2fcf28e4b890403ad4fff1d3e0834ea504cf1583223f5a8ee6b",
  "path": "uploads\\camera\\camera_manual\\2026-01-19\\828bc764b19248e8bbdbccc0c201c308_photo_20260119_095252_588_3.jpg",
  "doc_corrected": false,
  "doc_info": {
    "corrected": false
  }
}