{
  "captured_at": "2026-01-18T14:51:26.859Z",
  "source": "camera_manual",
  "label": "拍照",
  "device": {
    "user_agent": "Mozilla/5.0 (Windows NT 10.0; Win64; x64) AppleWebKit/537.36 (KHTML, like Gecko) Chrome/143.0.0.0 Safari/537.36",
    "secure": true,
    "hostname": "localhost",
    "screen": {
      "w": 1920,
      "h": 1080
    }
  },
  "mime": "image/png",
  "size": 7054,
  "sha256": "7d861b475ee71459d148f4167ddbe8dfd21e6a9f50f9fe3c148b94f7b0d51ed1",
  "path": "uploads\\camera\\camera_manual\\2026-01-18\\935c1479061949c0985ef0aac4fdd2f8_photo_20260118_225126_923_1.jpg"
}