{
  "captured_at": "2026-01-19T01:11:57.091Z",
  "source": "camera_manual_override",
  "label": "立即拍摄",
  "device": {
    "user_agent": "Mozilla/5.0 (Windows NT 10.0; Win64; x64) AppleWebKit/537.36 (KHTML, like Gecko) Chrome/143.0.0.0 Safari/537.36",
    "secure": true,
    "hostname": "localhost",
    "screen": {
      "w": 1920,
      "h": 1080
    }
  },
  "mime": "image/png",
  "size": 425187,
  "sha256": "189f7ab933a091b4f4098ed77a7db3fb606f529d4f241179cbd398048adc621c",
  "path": "uploads\\camera\\camera_manual_override\\2026-01-19\\9400c854d1c24c2a9635313262940554_photo_20260119_091157_188_1.jpg"
}