{
  "captured_at": "2026-01-19T12:37:00.571Z",
  "source": "camera_manual",
  "label": "拍照",
  "device": {
    "user_agent": "Mozilla/5.0 (Windows NT 10.0; Win64; x64) AppleWebKit/537.36 (KHTML, like Gecko) Chrome/143.0.0.0 Safari/537.36",
    "secure": true,
    "hostname": "localhost",
    "screen": {
      "w": 1920,
      "h": 1080
    }
  },
  "mime": "image/png",
  "size": 6792,
  "sha256": "04c2e454c3876f286d41c5b9c3e107beaa9310124d26a6f58c048f96cb0c128a",
  "path": "uploads\\camera\\camera_manual\\2026-01-19\\9665143ea008407e859bb02d8f22db79_photo_20260119_203700_642_1.jpg",
  "doc_corrected": false,
  "doc_info": {
    "corrected": false
  }
}