{
  "captured_at": "2026-01-19T04:20:17.908Z",
  "source": "camera_burst",
  "label": "第1次/共2次",
  "device": {
    "user_agent": "Mozilla/5.0 (Windows NT 10.0; Win64; x64) AppleWebKit/537.36 (KHTML, like Gecko) Chrome/143.0.0.0 Safari/537.36",
    "secure": true,
    "hostname": "localhost",
    "screen": {
      "w": 1920,
      "h": 1080
    }
  },
  "mime": "image/png",
  "size": 382311,
  "sha256": "41d29dbe82991473774a9b43165132edd3b882861ee2d98fd29e0ec737642b0b",
  "path": "uploads\\camera\\camera_burst\\2026-01-19\\9fb38986da8e4cee9278d82e6d5dd0e3_photo_20260119_122018_017_3.jpg",
  "doc_corrected": false,
  "doc_info": {
    "corrected": false
  }
}