{
  "captured_at": "2026-01-19T04:20:21.235Z",
  "source": "camera_burst",
  "label": "第2次/共2次",
  "device": {
    "user_agent": "Mozilla/5.0 (Windows NT 10.0; Win64; x64) AppleWebKit/537.36 (KHTML, like Gecko) Chrome/143.0.0.0 Safari/537.36",
    "secure": true,
    "hostname": "localhost",
    "screen": {
      "w": 1920,
      "h": 1080
    }
  },
  "mime": "image/png",
  "size": 399338,
  "sha256": "5e15fc47efaf74ab34668e45c0ddc0b8fe2a10594db95f0f8285aa7385508602",
  "path": "uploads\\camera\\camera_burst\\2026-01-19\\a3de26524099474683a7430967f47695_photo_20260119_122026_272_4.jpg",
  "doc_corrected": false,
  "doc_info": {
    "corrected": false
  }
}