{
  "captured_at": "2026-01-18T14:07:53.047Z",
  "source": "camera_timed",
  "label": "第1次/共5次",
  "device": {
    "user_agent": "Mozilla/5.0 (Windows NT 10.0; Win64; x64) AppleWebKit/537.36 (KHTML, like Gecko) Trae/1.104.3 Chrome/138.0.7204.251 Electron/37.6.1 Safari/537.36",
    "secure": true,
    "hostname": "localhost",
    "screen": {
      "w": 1920,
      "h": 1080
    }
  },
  "mime": "image/png",
  "size": 7178,
  "sha256": "7584372f2c3d44870726d17ce631269c1444074b950afb37f01053150728c085",
  "path": "uploads\\camera\\camera_timed\\2026-01-18\\a71deefa953e4938970b1a6db3bc1720_photo_20260118_222248_241_95.jpg"
}