{
  "captured_at": "2026-01-19T05:05:24.333Z",
  "source": "camera_manual",
  "label": "拍照",
  "device": {
    "user_agent": "Mozilla/5.0 (Windows NT 10.0; Win64; x64) AppleWebKit/537.36 (KHTML, like Gecko) Chrome/143.0.0.0 Safari/537.36",
    "secure": true,
    "hostname": "localhost",
    "screen": {
      "w": 1920,
      "h": 1080
    }
  },
  "mime": "image/png",
  "size": 481888,
  "sha256": "ee9197b89c9a48c9b3ff83c8f7d8c0308d92ed5266d48d45cf7abc53f78aedc7",
  "path": "uploads\\camera\\camera_manual\\2026-01-19\\ab57715eb7d04506bcae5e2f4365f50d_photo_20260119_130524_431_1.jpg",
  "doc_corrected": false,
  "doc_info": {
    "corrected": false
  }
}