{
  "captured_at": "2026-01-18T14:24:52.516Z",
  "source": "camera_manual",
  "label": "拍照",
  "device": {
    "user_agent": "Mozilla/5.0 (Windows NT 10.0; Win64; x64) AppleWebKit/537.36 (KHTML, like Gecko) Trae/1.104.3 Chrome/138.0.7204.251 Electron/37.6.1 Safari/537.36",
    "secure": true,
    "hostname": "localhost",
    "screen": {
      "w": 1920,
      "h": 1080
    }
  },
  "mime": "image/png",
  "size": 7441,
  "sha256": "38243fa5feab630fc09fa78c6d7c1fadbf2bd800ee121afa7be544da87ef6fbb",
  "path": "uploads\\camera\\camera_manual\\2026-01-18\\b0eb7032d2314ad28b68211f122bfe14_photo_20260118_222645_053_13.jpg"
}