{
  "captured_at": "2026-01-19T01:54:29.616Z",
  "source": "camera_manual",
  "label": "拍照",
  "device": {
    "user_agent": "Mozilla/5.0 (Windows NT 10.0; Win64; x64) AppleWebKit/537.36 (KHTML, like Gecko) Trae/1.104.3 Chrome/138.0.7204.251 Electron/37.6.1 Safari/537.36",
    "secure": true,
    "hostname": "localhost",
    "screen": {
      "w": 1920,
      "h": 1080
    }
  },
  "mime": "image/png",
  "size": 392365,
  "sha256": "457c261700ff57973abb1a2359a2e97c60bacbadec0e997d63d9314bff9bda79",
  "path": "uploads\\camera\\camera_manual\\2026-01-19\\b364e89751db40f9a35e8ac79f9c8d01_photo_20260119_095429_733_7.jpg",
  "doc_corrected": false,
  "doc_info": {
    "corrected": false
  }
}