{
  "captured_at": "2026-01-19T04:19:46.480Z",
  "source": "camera_manual",
  "label": "拍照",
  "device": {
    "user_agent": "Mozilla/5.0 (Windows NT 10.0; Win64; x64) AppleWebKit/537.36 (KHTML, like Gecko) Chrome/143.0.0.0 Safari/537.36",
    "secure": true,
    "hostname": "localhost",
    "screen": {
      "w": 1920,
      "h": 1080
    }
  },
  "mime": "image/png",
  "size": 429768,
  "sha256": "05cc902e8bb6dff228d41cfa9741c9e537afd4dd6f486bb6635133a499ba6d4a",
  "path": "uploads\\camera\\camera_manual\\2026-01-19\\ba5156671a174a3c91c916101b58ee87_photo_20260119_121946_771_2.jpg",
  "doc_corrected": false,
  "doc_info": {
    "corrected": false
  }
}