{
  "captured_at": "2026-01-19T04:21:17.335Z",
  "source": "camera_burst",
  "label": "第1次/共2次",
  "device": {
    "user_agent": "Mozilla/5.0 (Windows NT 10.0; Win64; x64) AppleWebKit/537.36 (KHTML, like Gecko) Chrome/143.0.0.0 Safari/537.36",
    "secure": true,
    "hostname": "localhost",
    "screen": {
      "w": 1920,
      "h": 1080
    }
  },
  "mime": "image/png",
  "size": 502291,
  "sha256": "79ba6e1d93c75cad52b65bbdb5b9ae53f8f7204d012630ec1d529febc300f50b",
  "path": "uploads\\camera\\camera_burst\\2026-01-19\\bd870af052bc4a158ea70d1b27a2cbc9_photo_20260119_122117_455_5.jpg",
  "doc_corrected": false,
  "doc_info": {
    "corrected": false
  }
}