{
  "captured_at": "2026-01-19T01:52:39.256Z",
  "source": "camera_manual",
  "label": "拍照",
  "device": {
    "user_agent": "Mozilla/5.0 (Windows NT 10.0; Win64; x64) AppleWebKit/537.36 (KHTML, like Gecko) Trae/1.104.3 Chrome/138.0.7204.251 Electron/37.6.1 Safari/537.36",
    "secure": true,
    "hostname": "localhost",
    "screen": {
      "w": 1920,
      "h": 1080
    }
  },
  "mime": "image/png",
  "size": 405379,
  "sha256": "4da611097f967c6857846764a813fc778e117360994d14cf157d8399a2ffc7ba",
  "path": "uploads\\camera\\camera_manual\\2026-01-19\\ce0d74d745fa4ab480e50ee84b6ae833_photo_20260119_095244_594_2.jpg",
  "doc_corrected": false,
  "doc_info": {
    "corrected": false
  }
}