{
  "captured_at": "2026-01-19T01:52:36.242Z",
  "source": "camera_manual",
  "label": "拍照",
  "device": {
    "user_agent": "Mozilla/5.0 (Windows NT 10.0; Win64; x64) AppleWebKit/537.36 (KHTML, like Gecko) Trae/1.104.3 Chrome/138.0.7204.251 Electron/37.6.1 Safari/537.36",
    "secure": true,
    "hostname": "localhost",
    "screen": {
      "w": 1920,
      "h": 1080
    }
  },
  "mime": "image/png",
  "size": 406348,
  "sha256": "b6f066230b5a24fc6013d89ee9f2ffb8012279a7ca70ab58fec8087c89a238a7",
  "path": "uploads\\camera\\camera_manual\\2026-01-19\\d3e1c90400344cc2bb0431e193f8da63_photo_20260119_095236_360_1.jpg",
  "doc_corrected": false,
  "doc_info": {
    "corrected": false
  }
}