{
  "captured_at": "2026-01-19T01:53:55.813Z",
  "source": "camera_burst",
  "label": "第2次/共2次",
  "device": {
    "user_agent": "Mozilla/5.0 (Windows NT 10.0; Win64; x64) AppleWebKit/537.36 (KHTML, like Gecko) Trae/1.104.3 Chrome/138.0.7204.251 Electron/37.6.1 Safari/537.36",
    "secure": true,
    "hostname": "localhost",
    "screen": {
      "w": 1920,
      "h": 1080
    }
  },
  "mime": "image/png",
  "size": 398709,
  "sha256": "5411d60767179d8fea804a31a8b5527b3aee118dbf68afe9c1250ed001393fa4",
  "path": "uploads\\camera\\camera_burst\\2026-01-19\\e2528b62714f4afe8af087a276176cb5_photo_20260119_095358_587_6.jpg",
  "doc_corrected": false,
  "doc_info": {
    "corrected": false
  }
}