{
  "captured_at": "2026-01-19T01:33:27.672Z",
  "source": "camera_burst",
  "label": "第1次/共5次",
  "device": {
    "user_agent": "Mozilla/5.0 (Windows NT 10.0; Win64; x64) AppleWebKit/537.36 (KHTML, like Gecko) Trae/1.104.3 Chrome/138.0.7204.251 Electron/37.6.1 Safari/537.36",
    "secure": true,
    "hostname": "localhost",
    "screen": {
      "w": 1920,
      "h": 1080
    }
  },
  "mime": "image/png",
  "size": 414014,
  "sha256": "c5727a5814236f0233c8ea89ca6d8aebc5f08c777033a2306c6b9e89ea1c775b",
  "path": "uploads\\camera\\camera_burst\\2026-01-19\\e79b9e9a722e467f81b17c230e47e240_photo_20260119_093327_792_1.jpg",
  "doc_corrected": false,
  "doc_info": {
    "corrected": false
  }
}