{
  "captured_at": "2026-01-18T15:00:51.998Z",
  "source": "camera_manual",
  "label": "拍照",
  "device": {
    "user_agent": "Mozilla/5.0 (Windows NT 10.0; Win64; x64) AppleWebKit/537.36 (KHTML, like Gecko) Trae/1.104.3 Chrome/138.0.7204.251 Electron/37.6.1 Safari/537.36",
    "secure": true,
    "hostname": "localhost",
    "screen": {
      "w": 1920,
      "h": 1080
    }
  },
  "mime": "image/png",
  "size": 7085,
  "sha256": "8df94f8e01140630ca792cef2a30732e1878edc11095fe459472028bb2c580f7",
  "path": "uploads\\camera\\camera_manual\\2026-01-18\\f58d71380cb544e3b5209a7d750ca68a_photo_20260118_230052_064_1.jpg"
}