{
  "captured_at": "2026-01-18T13:20:30.995Z",
  "source": "camera_timed",
  "label": "第1次/共5次",
  "device": {
    "user_agent": "Mozilla/5.0 (Windows NT 10.0; Win64; x64) AppleWebKit/537.36 (KHTML, like Gecko) Chrome/143.0.0.0 Safari/537.36",
    "secure": true,
    "hostname": "localhost",
    "screen": {
      "w": 1920,
      "h": 1080
    }
  },
  "mime": "image/png",
  "size": 7222,
  "sha256": "c678cedb5c0b74dedae7533418a04cfbca7807b8464ee8ecceac1cfff88d8778",
  "path": "uploads\\camera\\camera_timed\\2026-01-18\\f631fa7583ed40a2b6da0dccda96db60_photo_20260118_212031.jpg"
}