{
  "captured_at": "2026-01-19T04:19:38.418Z",
  "source": "camera_manual",
  "label": "拍照",
  "device": {
    "user_agent": "Mozilla/5.0 (Windows NT 10.0; Win64; x64) AppleWebKit/537.36 (KHTML, like Gecko) Chrome/143.0.0.0 Safari/537.36",
    "secure": true,
    "hostname": "localhost",
    "screen": {
      "w": 1920,
      "h": 1080
    }
  },
  "mime": "image/png",
  "size": 429082,
  "sha256": "d91dd21263f3f2954ac7b456ffa50f7905fd0f662f7a69c9138a09f1231dae9b",
  "path": "uploads\\camera\\camera_manual\\2026-01-19\\fd4791ec1f474178989f4cde7dd15da3_photo_20260119_121938_535_1.jpg",
  "doc_corrected": false,
  "doc_info": {
    "corrected": false
  }
}