{
  "id": "20260121_021453_百农办发20253号关于组建全市巩固拓展脱贫攻坚成果工作服务指导组的通知1_08.jpg",
  "file_name": "百农办发〔2025〕3号关于组建全市巩固拓展脱贫攻坚成果工作服务指导组的通知(1)_08.jpg",
  "timestamp": "20260121_021453",
  "created_at": "2026-01-21T02:14:53",
  "content": "## 百农办发〔2025〕3号关于组建全市巩固拓展脱贫攻坚成果工作服务指导组的通知(1)_08.jpg\n\n小组开展工作,严禁弄虚作假。工作期间严格执行中央八项规定精神,严明工作纪律、廉洁纪律、生活纪律,以及为基层减负有关要求。工作中所产生食宿费、差旅费按有关规定回原单位报销。各工作组工作用车由市农业农村局负责向市公车管理服务中心申请,综合协调组负责协调落实解决。\n未尽事宜,请联系市农业农村局监督检查科。联系人及电话:韦委位,13737683582,邮箱:bsnyncjdjck@163.com。\n附件:\n1. 2025年xx月服务指导重点工作清单(模板)\n2.XX县(市、区)问题清单(模板)\n3. 市直各行业部门业务咨询联络员名单\n中共百色市委员会农村工作领导小组办公室\n2025年5月30日\n\n",
  "display_time": "2026-01-21 02:14:53",
  "summary": "## 百农办发〔2025〕3号关于组建全市巩固拓展脱贫攻坚成果工作服务指导组的通知(1)_08.jpg"
}