{
  "id": "20260121_022137_关于请协助百色学院马克思主义学院到右江区四塘镇百祥社区调研的函发右江区6.23_00.jpg",
  "file_name": "关于请协助百色学院马克思主义学院到右江区四塘镇百祥社区调研的函（发右江区）6.23_00.jpg",
  "timestamp": "20260121_022137",
  "created_at": "2026-01-21T02:21:37",
  "content": "## 关于请协助百色学院马克思主义学院到右江区四塘镇百祥社区调研的函（发右江区）6.23_00.jpg\n\n<div> <h1>百色市民族宗教事务委员会</h1>\n<p>BWZSWZ SI MINZCUZ CUNGHGYAU SWVU VEIJIYENZVEI</p> <hr/>\n<h2>关于请协助百色学院马克思主义学院到右江区四塘镇百祥社区开展调研工作的函</h2> <p>右江区党委统战部:</p>\n<p>根据《百色学院马克思主义学院关于请百色市民族宗教事务委员会协助赴百色深圳小镇调研的函》要求,百色学院马克思主义学院民族学专业 2023 级师生定于 2025 年 7 月 1 日—5 日到右江区四塘镇百祥社区(深圳小镇)开展调研,具体事项为:</p> <h3>一、调研主题</h3>\n<p>民族互嵌社区发展</p> <h3>二、调研内容</h3>\n<p>了解当前右江区百祥社区(深圳小镇)民族互嵌社区发展的情况,如社区文化建设、社区环境、社区组织、社区族际交融、社区教育发展等。社区的产业建设及发展,与周边社区的联系。</p> <p>当前在民族互嵌社区发展建设中的困境及经验。</p>\n<h3>三、调研时间</h3> <p>2025 年 7 月 1 日—5 日</p>\n<h3>四、人员构成</h3> <p>带队教师: 凌彩庆、梁银湘、邱兰君、卢格令、韦顺华</p>\n<hr/> </div>\n\n",
  "display_time": "2026-01-21 02:21:37",
  "summary": "## 关于请协助百色学院马克思主义学院到右江区四塘镇百祥社区调研的函（发右江区）6.23_00.jpg"
}