{
  "id": "20260121_021816_关于请协助百色学院马克思主义学院到右江区四塘镇百祥社区调研的函发右江区6.23_01.jpg",
  "file_name": "关于请协助百色学院马克思主义学院到右江区四塘镇百祥社区调研的函（发右江区）6.23_01.jpg",
  "timestamp": "20260121_021816",
  "created_at": "2026-01-21T02:18:16",
  "content": "## 关于请协助百色学院马克思主义学院到右江区四塘镇百祥社区调研的函（发右江区）6.23_01.jpg\n\n参与学生：民族学专业2023级学生53名\n\n五、调研事项\n\n(一) 参观座谈\n\n拟于2025年7月1日(星期二)上午10:00-11:30,请百祥社区安排参观(请做好讲解工作)和座谈会(了解社区发展情况及特色产业建设、产业参观等)。\n\n(二) 调查研究\n\n开展入户访谈、问卷调查等调研工作。\n\n六、其他事项\n\n请贵单位协助通知右江区四塘镇百祥社区做好座谈会议及入户访谈、问卷调研等工作准备,并确定一名联络员主动与百色学院带队老师联系。调研期间在公务出行、用餐安排等方面严格遵守中央八项规定及其实施细则精神和百色市有关工作纪律要求。\n\n<img alt=\"Red circular seal/stamp reading 'Baise City Ethnic Affairs Committee' and the date '2025年6月18日'.\"/> <br/>\n(联系人及联系方式: 百色学院 凌彩庆 13788066811; 市民宗委 黄凝 2824549)\n\n",
  "display_time": "2026-01-21 02:18:16",
  "summary": "## 关于请协助百色学院马克思主义学院到右江区四塘镇百祥社区调研的函（发右江区）6.23_01.jpg"
}